<resources>
    <string name="app_name">PreferenceScreen</string>
    <string name="navigation_drawer_open">Open navigation drawer</string>
    <string name="navigation_drawer_close">Close navigation drawer</string>
    <string name="nav_header_title">Android Studio</string>
    <string name="nav_header_subtitle">android.studio@android.com</string>
    <string name="nav_header_desc">Navigation header</string>
    <string name="action_settings">Settings</string>

    <!-- TODO: Remove or change this placeholder text -->
    <string name="hello_blank_fragment">Hello blank fragment</string>

    <string-array name="list_title">
        <item>리스트1</item>
        <item>리스트2</item>
        <item>리스트3</item>
    </string-array>

    <string-array name="list_value">
        <item>값1</item>
        <item>값2</item>
        <item>값3</item>
    </string-array>
</resources>
